event_name,start_ts,end_ts,stop_id,expected_attendance,multiplier,note
IPL-style T20 at Chepauk,2026-07-18T19:30:00+05:30,2026-07-18T23:00:00+05:30,MRTS_CHPK,35000,1.2,ASSUMPTION: hand-made illustrative fixture
TNPL match at Chepauk,2026-08-01T19:00:00+05:30,2026-08-01T22:30:00+05:30,MRTS_CHPK,25000,1.15,ASSUMPTION: illustrative
Independence Day at Marina,2026-08-15T07:00:00+05:30,2026-08-15T11:00:00+05:30,MRTS_LTHS,40000,1.2,Marina celebration
Vinayaka Chathurthi immersion,2026-08-30T15:00:00+05:30,2026-08-30T21:00:00+05:30,MRTS_LTHS,30000,1.15,ASSUMPTION: date approximate
ODI at Chepauk,2026-09-12T14:00:00+05:30,2026-09-12T22:00:00+05:30,MRTS_CHPK,35000,1.2,ASSUMPTION: illustrative
College reopening (IIT-M / Anna Univ),2026-07-20T08:00:00+05:30,2026-07-24T18:00:00+05:30,MRTS_KTPM,0,1.5,college_reopening week
Exam week (Anna University),2026-09-21T08:00:00+05:30,2026-09-25T17:00:00+05:30,MRTS_KTPM,0,1.1,ASSUMPTION
Guindy trade fair,2026-08-22T10:00:00+05:30,2026-08-22T20:00:00+05:30,CMRL_22,15000,1.1,ASSUMPTION: illustrative
Test match day 1 at Chepauk,2026-10-08T09:30:00+05:30,2026-10-08T17:00:00+05:30,MRTS_CHPK,30000,1.15,ASSUMPTION: illustrative
Diwali shopping (T Nagar spillover),2026-11-07T16:00:00+05:30,2026-11-07T22:00:00+05:30,CMRL_20,20000,1.1,ASSUMPTION
Marina beach fest,2026-09-27T16:00:00+05:30,2026-09-27T21:00:00+05:30,MRTS_LTHS,20000,1.1,ASSUMPTION
Velachery Phoenix mall sale,2026-09-05T11:00:00+05:30,2026-09-05T21:00:00+05:30,MRTS_VLCY,15000,1.1,ASSUMPTION
